{"global_step": 3426, "_timestamp": 1702629960.5473843, "train/loss": 1.46502685546875, "train/lr": 3.652595523817581e-07, "_runtime": 12373.529885292053, "_step": 3426}