{"global_step": 2351, "_timestamp": 1702035281.5958514, "train/loss": 0.601531982421875, "train/lr": 1.0093561542134921e-07, "_runtime": 8299.525111436844, "_step": 2351}