{"global_step": 208, "_timestamp": 1702872831.810781, "train/loss": 1.71142578125, "train/lr": 1.937618617375847e-05, "_runtime": 762.4460089206696, "_step": 208}