{"global_step": 1024, "_timestamp": 1702962484.9570642, "train/loss": null, "train/lr": 1.5173197425610851e-05, "_runtime": 3679.7535741329193, "_step": 1024}