{"global_step": 40, "_timestamp": 1702617463.1215174, "train/loss": 2.4072265625, "train/lr": 7.256637218233664e-06, "_runtime": 151.54512548446655, "_step": 40, "_wandb": {"runtime": 156}}