{"global_step": 8, "_timestamp": 1702967414.2272282, "train/loss": 0.68994140625, "train/lr": 9.000000318337698e-06, "train/dist": 0.0064849853515625, "train/acc": 0.25, "_runtime": 35.82516121864319, "_step": 8}