{"global_step": 783, "_timestamp": 1702971839.985323, "train/loss": 0.0, "train/lr": 1.854966399150726e-06, "train/dist": 7.85546875, "train/acc": 1.0, "_runtime": 4461.583256006241, "_step": 783}