{"global_step": 3739, "_timestamp": 1702848239.4430032, "train/loss": 1.4923095703125, "train/lr": 0.0, "_runtime": 13317.324536085129, "_step": 3739, "_wandb": {"runtime": 13381}}