{"global_step": 245, "_timestamp": 1702107858.3773427, "train/loss": 2.296142578125, "train/lr": 0.0, "_runtime": 1062.3970277309418, "_step": 245, "_wandb": {"runtime": 1125}}