{"global_step": 15499, "_timestamp": 1702605450.4098125, "train/loss": 2.162109375, "train/lr": 0.0, "_runtime": 55278.42732334137, "_step": 15499, "_wandb": {"runtime": 55381}}