{"global_step": 2213, "_timestamp": 1702468562.8467634, "train/loss": 0.6507568359375, "train/lr": 0.0, "_runtime": 7810.938923358917, "_step": 2213, "_wandb": {"runtime": 7914}}