{"global_step": 8191, "_timestamp": 1702880273.9792397, "train/loss": 0.462158203125, "train/lr": 8.77975435287226e-06, "train/dist": 3.892578125, "train/acc": 0.3333333432674408, "_runtime": 4871.220826625824, "_step": 8191, "eval/dist": 3.7370357513427734, "eval/acc": 0.31501832604408264, "_wandb": {"runtime": 4871}}