{"global_step": 2243, "_timestamp": 1702902895.3132095, "train/loss": 1.45263671875, "train/lr": 0.0, "_runtime": 8030.345308542252, "_step": 2243, "_wandb": {"runtime": 8109}}