{"global_step": 37, "_timestamp": 1702026871.4764967, "train/loss": 3.01953125, "train/lr": 1.922611590998713e-05, "_runtime": 136.3418366909027, "_step": 37, "_wandb": {"runtime": 140}}